[{"pk": 1, "model": "cms.placeholder", "fields": {"slot": "aux", "default_width": null}}, {"pk": 2, "model": "cms.placeholder", "fields": {"slot": "footer", "default_width": null}}, {"pk": 3, "model": "cms.placeholder", "fields": {"slot": "main", "default_width": null}}, {"pk": 4, "model": "cms.placeholder", "fields": {"slot": "aux", "default_width": null}}, {"pk": 5, "model": "cms.placeholder", "fields": {"slot": "footer", "default_width": null}}, {"pk": 6, "model": "cms.placeholder", "fields": {"slot": "main", "default_width": null}}, {"pk": 7, "model": "cms.placeholder", "fields": {"slot": "aux", "default_width": null}}, {"pk": 8, "model": "cms.placeholder", "fields": {"slot": "footer", "default_width": null}}, {"pk": 9, "model": "cms.placeholder", "fields": {"slot": "main", "default_width": null}}, {"pk": 10, "model": "cms.placeholder", "fields": {"slot": "aux", "default_width": null}}, {"pk": 11, "model": "cms.placeholder", "fields": {"slot": "footer", "default_width": null}}, {"pk": 12, "model": "cms.placeholder", "fields": {"slot": "main", "default_width": null}}, {"pk": 13, "model": "cms.placeholder", "fields": {"slot": "aux", "default_width": null}}, {"pk": 14, "model": "cms.placeholder", "fields": {"slot": "footer", "default_width": null}}, {"pk": 15, "model": "cms.placeholder", "fields": {"slot": "main", "default_width": null}}, {"pk": 16, "model": "cms.placeholder", "fields": {"slot": "aux", "default_width": null}}, {"pk": 17, "model": "cms.placeholder", "fields": {"slot": "footer", "default_width": null}}, {"pk": 18, "model": "cms.placeholder", "fields": {"slot": "main", "default_width": null}}, {"pk": 19, "model": "cms.placeholder", "fields": {"slot": "aux", "default_width": null}}, {"pk": 20, "model": "cms.placeholder", "fields": {"slot": "footer", "default_width": null}}, {"pk": 21, "model": "cms.placeholder", "fields": {"slot": "main", "default_width": null}}, {"pk": 22, "model": "cms.placeholder", "fields": {"slot": "aux", "default_width": null}}, {"pk": 23, "model": "cms.placeholder", "fields": {"slot": "footer", "default_width": null}}, {"pk": 24, "model": "cms.placeholder", "fields": {"slot": "main", "default_width": null}}, {"pk": 25, "model": "cms.placeholder", "fields": {"slot": "aux", "default_width": null}}, {"pk": 26, "model": "cms.placeholder", "fields": {"slot": "footer", "default_width": null}}, {"pk": 27, "model": "cms.placeholder", "fields": {"slot": "main", "default_width": null}}, {"pk": 28, "model": "cms.placeholder", "fields": {"slot": "aux", "default_width": null}}, {"pk": 29, "model": "cms.placeholder", "fields": {"slot": "footer", "default_width": null}}, {"pk": 30, "model": "cms.placeholder", "fields": {"slot": "main", "default_width": null}}, {"pk": 31, "model": "cms.placeholder", "fields": {"slot": "aux", "default_width": null}}, {"pk": 32, "model": "cms.placeholder", "fields": {"slot": "footer", "default_width": null}}, {"pk": 33, "model": "cms.placeholder", "fields": {"slot": "main", "default_width": null}}, {"pk": 34, "model": "cms.placeholder", "fields": {"slot": "aux", "default_width": null}}, {"pk": 35, "model": "cms.placeholder", "fields": {"slot": "footer", "default_width": null}}, {"pk": 36, "model": "cms.placeholder", "fields": {"slot": "main", "default_width": null}}, {"pk": 37, "model": "cms.placeholder", "fields": {"slot": "aux", "default_width": null}}, {"pk": 38, "model": "cms.placeholder", "fields": {"slot": "footer", "default_width": null}}, {"pk": 39, "model": "cms.placeholder", "fields": {"slot": "main", "default_width": null}}, {"pk": 40, "model": "cms.placeholder", "fields": {"slot": "aux", "default_width": null}}, {"pk": 41, "model": "cms.placeholder", "fields": {"slot": "footer", "default_width": null}}, {"pk": 42, "model": "cms.placeholder", "fields": {"slot": "main", "default_width": null}}, {"pk": 1, "model": "cms.page", "fields": {"rght": 2, "navigation_extenders": "", "site": 1, "creation_date": "2013-04-18T08:42:24", "lft": 1, "in_navigation": false, "reverse_id": null, "login_required": false, "created_by": "root", "publication_end_date": null, "moderator_state": 0, "template": "_templates/layout_a.html", "tree_id": 1, "placeholders": [1, 2, 3], "changed_date": "2013-04-18T08:42:30", "limit_visibility_in_menu": null, "parent": null, "publisher_state": 1, "soft_root": false, "publication_date": "2013-04-18T08:42:30", "publisher_public": null, "level": 0, "changed_by": "root", "publisher_is_draft": true, "published": true}}, {"pk": 8, "model": "cms.page", "fields": {"rght": 6, "navigation_extenders": "", "site": 1, "creation_date": "2013-04-18T08:43:56", "lft": 1, "in_navigation": true, "reverse_id": null, "login_required": false, "created_by": "root", "publication_end_date": null, "moderator_state": 0, "template": "_templates/layout_a.html", "tree_id": 2, "placeholders": [22, 23, 24], "changed_date": "2013-04-18T08:52:02", "limit_visibility_in_menu": null, "parent": null, "publisher_state": 1, "soft_root": false, "publication_date": "2013-04-18T08:43:59", "publisher_public": null, "level": 0, "changed_by": "root", "publisher_is_draft": true, "published": true}}, {"pk": 9, "model": "cms.page", "fields": {"rght": 3, "navigation_extenders": "ProfileMenu", "site": 1, "creation_date": "2013-04-18T08:44:04", "lft": 2, "in_navigation": true, "reverse_id": null, "login_required": false, "created_by": "root", "publication_end_date": null, "moderator_state": 0, "template": "INHERIT", "tree_id": 2, "placeholders": [25, 26, 27], "changed_date": "2013-04-18T08:44:26", "limit_visibility_in_menu": null, "parent": 8, "publisher_state": 1, "soft_root": false, "publication_date": "2013-04-18T08:44:26", "publisher_public": null, "level": 1, "changed_by": "root", "publisher_is_draft": true, "published": true}}, {"pk": 12, "model": "cms.page", "fields": {"rght": 5, "navigation_extenders": "ActionMenu", "site": 1, "creation_date": "2013-04-18T08:47:43", "lft": 4, "in_navigation": true, "reverse_id": null, "login_required": false, "created_by": "root", "publication_end_date": null, "moderator_state": 0, "template": "INHERIT", "tree_id": 2, "placeholders": [34, 35, 36], "changed_date": "2013-04-18T08:48:00", "limit_visibility_in_menu": null, "parent": 8, "publisher_state": 1, "soft_root": false, "publication_date": "2013-04-18T08:47:57", "publisher_public": null, "level": 1, "changed_by": "root", "publisher_is_draft": true, "published": true}}, {"pk": 2, "model": "cms.page", "fields": {"rght": 18, "navigation_extenders": "", "site": 1, "creation_date": "2013-04-18T08:42:41", "lft": 1, "in_navigation": true, "reverse_id": null, "login_required": false, "created_by": "root", "publication_end_date": null, "moderator_state": 0, "template": "_templates/layout_a.html", "tree_id": 3, "placeholders": [4, 5, 6], "changed_date": "2013-04-18T08:43:33", "limit_visibility_in_menu": null, "parent": null, "publisher_state": 1, "soft_root": false, "publication_date": "2013-04-18T08:43:33", "publisher_public": null, "level": 0, "changed_by": "root", "publisher_is_draft": true, "published": true}}, {"pk": 3, "model": "cms.page", "fields": {"rght": 15, "navigation_extenders": "", "site": 1, "creation_date": "2013-04-18T08:42:47", "lft": 2, "in_navigation": true, "reverse_id": null, "login_required": false, "created_by": "root", "publication_end_date": null, "moderator_state": 0, "template": "INHERIT", "tree_id": 3, "placeholders": [7, 8, 9], "changed_date": "2013-04-18T08:43:34", "limit_visibility_in_menu": null, "parent": 2, "publisher_state": 1, "soft_root": false, "publication_date": "2013-04-18T08:43:34", "publisher_public": null, "level": 1, "changed_by": "root", "publisher_is_draft": true, "published": true}}, {"pk": 4, "model": "cms.page", "fields": {"rght": 4, "navigation_extenders": "ReleaseMenu", "site": 1, "creation_date": "2013-04-18T08:43:02", "lft": 3, "in_navigation": true, "reverse_id": null, "login_required": false, "created_by": "root", "publication_end_date": null, "moderator_state": 0, "template": "INHERIT", "tree_id": 3, "placeholders": [10, 11, 12], "changed_date": "2013-04-18T08:48:54", "limit_visibility_in_menu": null, "parent": 3, "publisher_state": 1, "soft_root": false, "publication_date": "2013-04-18T08:43:34", "publisher_public": null, "level": 2, "changed_by": "root", "publisher_is_draft": true, "published": true}}, {"pk": 5, "model": "cms.page", "fields": {"rght": 6, "navigation_extenders": "ArtistMenu", "site": 1, "creation_date": "2013-04-18T08:43:09", "lft": 5, "in_navigation": true, "reverse_id": null, "login_required": false, "created_by": "root", "publication_end_date": null, "moderator_state": 0, "template": "INHERIT", "tree_id": 3, "placeholders": [13, 14, 15], "changed_date": "2013-04-18T08:49:07", "limit_visibility_in_menu": null, "parent": 3, "publisher_state": 1, "soft_root": false, "publication_date": "2013-04-18T08:43:35", "publisher_public": null, "level": 2, "changed_by": "root", "publisher_is_draft": true, "published": true}}, {"pk": 6, "model": "cms.page", "fields": {"rght": 8, "navigation_extenders": "", "site": 1, "creation_date": "2013-04-18T08:43:16", "lft": 7, "in_navigation": true, "reverse_id": null, "login_required": false, "created_by": "root", "publication_end_date": null, "moderator_state": 0, "template": "INHERIT", "tree_id": 3, "placeholders": [16, 17, 18], "changed_date": "2013-04-18T08:49:28", "limit_visibility_in_menu": null, "parent": 3, "publisher_state": 1, "soft_root": false, "publication_date": "2013-04-18T08:43:36", "publisher_public": null, "level": 2, "changed_by": "root", "publisher_is_draft": true, "published": true}}, {"pk": 7, "model": "cms.page", "fields": {"rght": 10, "navigation_extenders": "", "site": 1, "creation_date": "2013-04-18T08:43:22", "lft": 9, "in_navigation": true, "reverse_id": null, "login_required": false, "created_by": "root", "publication_end_date": null, "moderator_state": 0, "template": "INHERIT", "tree_id": 3, "placeholders": [19, 20, 21], "changed_date": "2013-04-18T08:43:37", "limit_visibility_in_menu": null, "parent": 3, "publisher_state": 1, "soft_root": false, "publication_date": "2013-04-18T08:43:37", "publisher_public": null, "level": 2, "changed_by": "root", "publisher_is_draft": true, "published": true}}, {"pk": 10, "model": "cms.page", "fields": {"rght": 12, "navigation_extenders": "ImportMenu", "site": 1, "creation_date": "2013-04-18T08:46:00", "lft": 11, "in_navigation": true, "reverse_id": null, "login_required": false, "created_by": "root", "publication_end_date": null, "moderator_state": 0, "template": "INHERIT", "tree_id": 3, "placeholders": [28, 29, 30], "changed_date": "2013-04-18T08:54:46", "limit_visibility_in_menu": null, "parent": 3, "publisher_state": 1, "soft_root": false, "publication_date": "2013-04-18T08:46:37", "publisher_public": null, "level": 2, "changed_by": "root", "publisher_is_draft": true, "published": true}}, {"pk": 11, "model": "cms.page", "fields": {"rght": 14, "navigation_extenders": "ExportMenu", "site": 1, "creation_date": "2013-04-18T08:46:09", "lft": 13, "in_navigation": true, "reverse_id": null, "login_required": false, "created_by": "root", "publication_end_date": null, "moderator_state": 0, "template": "INHERIT", "tree_id": 3, "placeholders": [31, 32, 33], "changed_date": "2013-04-18T08:54:56", "limit_visibility_in_menu": null, "parent": 3, "publisher_state": 1, "soft_root": false, "publication_date": "2013-04-18T08:47:00", "publisher_public": null, "level": 2, "changed_by": "root", "publisher_is_draft": true, "published": true}}, {"pk": 13, "model": "cms.page", "fields": {"rght": 17, "navigation_extenders": "PlaylistMenu", "site": 1, "creation_date": "2013-04-18T08:48:26", "lft": 16, "in_navigation": true, "reverse_id": null, "login_required": false, "created_by": "root", "publication_end_date": null, "moderator_state": 0, "template": "INHERIT", "tree_id": 3, "placeholders": [37, 38, 39], "changed_date": "2013-04-18T08:48:42", "limit_visibility_in_menu": null, "parent": 2, "publisher_state": 1, "soft_root": false, "publication_date": "2013-04-18T08:48:42", "publisher_public": null, "level": 1, "changed_by": "root", "publisher_is_draft": true, "published": true}}, {"pk": 14, "model": "cms.page", "fields": {"rght": 2, "navigation_extenders": "", "site": 1, "creation_date": "2013-04-18T08:50:30", "lft": 1, "in_navigation": false, "reverse_id": "base", "login_required": false, "created_by": "root", "publication_end_date": null, "moderator_state": 0, "template": "_templates/layout_a.html", "tree_id": 4, "placeholders": [40, 41, 42], "changed_date": "2013-04-18T08:50:36", "limit_visibility_in_menu": null, "parent": null, "publisher_state": 1, "soft_root": false, "publication_date": null, "publisher_public": null, "level": 0, "changed_by": "root", "publisher_is_draft": true, "published": false}}, {"pk": 1, "model": "cms.title", "fields": {"menu_title": "", "redirect": "", "meta_keywords": "", "page_title": "", "language": "en", "title": "Home", "has_url_overwrite": false, "application_urls": "", "creation_date": "2013-04-18T08:42:24", "page": 1, "path": "", "meta_description": "", "slug": "home"}}, {"pk": 2, "model": "cms.title", "fields": {"menu_title": null, "redirect": null, "meta_keywords": null, "page_title": null, "language": "en", "title": "Content", "has_url_overwrite": false, "application_urls": null, "creation_date": "2013-04-18T08:42:41", "page": 2, "path": "content", "meta_description": null, "slug": "content"}}, {"pk": 3, "model": "cms.title", "fields": {"menu_title": null, "redirect": null, "meta_keywords": null, "page_title": null, "language": "en", "title": "Library", "has_url_overwrite": false, "application_urls": null, "creation_date": "2013-04-18T08:42:47", "page": 3, "path": "content/library", "meta_description": null, "slug": "library"}}, {"pk": 4, "model": "cms.title", "fields": {"menu_title": "", "redirect": "", "meta_keywords": "", "page_title": "", "language": "en", "title": "Releases", "has_url_overwrite": false, "application_urls": "ReleaseApp", "creation_date": "2013-04-18T08:43:02", "page": 4, "path": "content/library/releases", "meta_description": "", "slug": "releases"}}, {"pk": 5, "model": "cms.title", "fields": {"menu_title": "", "redirect": "", "meta_keywords": "", "page_title": "", "language": "en", "title": "Artists", "has_url_overwrite": false, "application_urls": "ArtistApp", "creation_date": "2013-04-18T08:43:09", "page": 5, "path": "content/library/artists", "meta_description": "", "slug": "artists"}}, {"pk": 6, "model": "cms.title", "fields": {"menu_title": "", "redirect": "", "meta_keywords": "", "page_title": "", "language": "en", "title": "Tracks", "has_url_overwrite": false, "application_urls": "", "creation_date": "2013-04-18T08:43:16", "page": 6, "path": "content/library/tracks", "meta_description": "", "slug": "tracks"}}, {"pk": 7, "model": "cms.title", "fields": {"menu_title": null, "redirect": null, "meta_keywords": null, "page_title": null, "language": "en", "title": "Labels", "has_url_overwrite": false, "application_urls": null, "creation_date": "2013-04-18T08:43:23", "page": 7, "path": "content/library/labels", "meta_description": null, "slug": "labels"}}, {"pk": 8, "model": "cms.title", "fields": {"menu_title": null, "redirect": null, "meta_keywords": null, "page_title": null, "language": "en", "title": "Network", "has_url_overwrite": false, "application_urls": null, "creation_date": "2013-04-18T08:43:56", "page": 8, "path": "network", "meta_description": null, "slug": "network"}}, {"pk": 9, "model": "cms.title", "fields": {"menu_title": "", "redirect": "", "meta_keywords": "", "page_title": "", "language": "en", "title": "Profiles", "has_url_overwrite": false, "application_urls": "ProfileApp", "creation_date": "2013-04-18T08:44:05", "page": 9, "path": "network/profiles", "meta_description": "", "slug": "profiles"}}, {"pk": 10, "model": "cms.title", "fields": {"menu_title": "", "redirect": "", "meta_keywords": "", "page_title": "", "language": "en", "title": "Upload", "has_url_overwrite": false, "application_urls": "ImportApp", "creation_date": "2013-04-18T08:46:00", "page": 10, "path": "content/library/upload", "meta_description": "", "slug": "upload"}}, {"pk": 11, "model": "cms.title", "fields": {"menu_title": "", "redirect": "", "meta_keywords": "", "page_title": "", "language": "en", "title": "Download", "has_url_overwrite": false, "application_urls": "ExportApp", "creation_date": "2013-04-18T08:46:09", "page": 11, "path": "content/library/download", "meta_description": "", "slug": "download"}}, {"pk": 12, "model": "cms.title", "fields": {"menu_title": "", "redirect": "", "meta_keywords": "", "page_title": "", "language": "en", "title": "Activity", "has_url_overwrite": false, "application_urls": "ActionApp", "creation_date": "2013-04-18T08:47:43", "page": 12, "path": "network/activity", "meta_description": "", "slug": "activity"}}, {"pk": 13, "model": "cms.title", "fields": {"menu_title": "", "redirect": "", "meta_keywords": "", "page_title": "", "language": "en", "title": "Broadcasts", "has_url_overwrite": false, "application_urls": "PlaylistApp", "creation_date": "2013-04-18T08:48:26", "page": 13, "path": "content/broadcasts", "meta_description": "", "slug": "broadcasts"}}, {"pk": 14, "model": "cms.title", "fields": {"menu_title": "", "redirect": "", "meta_keywords": "", "page_title": "", "language": "en", "title": "Base (DO NOT CHANGE!)", "has_url_overwrite": false, "application_urls": "", "creation_date": "2013-04-18T08:50:30", "page": 14, "path": "base-do-not-change", "meta_description": "", "slug": "base-do-not-change"}}, {"pk": 5, "model": "menus.cachekey", "fields": {"key": "cms-menu_nodes_en_1_2_user", "site": 1, "language": "en"}}, {"pk": 1, "model": "sites.site", "fields": {"domain": "local.openbroadcast.ch:8080", "name": "local.openbroadcast.ch:8080"}}]